 /*****************************
**	tblBranchInventory
*****************************/
DROP TABLE IF EXISTS tblBranchInventory;
CREATE TABLE tblBranchInventory (
`BranchInventoryID` BIGINT(20) UNSIGNED NOT NULL AUTO_INCREMENT,
`ProductID` BIGINT(20) UNSIGNED NOT NULL DEFAULT 0 REFERENCES tblProducts(`ProductID`),
`ProductCode` VARCHAR(30) NOT NULL,
`VariationMatrixID` BIGINT(20) UNSIGNED NOT NULL DEFAULT 0,
`MatrixDescription` VARCHAR(150) NULL,
`Quantity` DECIMAL(10,2) NOT NULL DEFAULT 0,
`BranchID` INT(4) UNSIGNED NOT NULL DEFAULT 0 REFERENCES tblBranch(`BranchID`),
PRIMARY KEY (BranchInventoryID),
INDEX `IX_tblBranchInventory`(`ProductCode`, `BranchID`),
INDEX `IX1_tblBranchInventory`(`BranchID`)
)
TYPE=INNODB COMMENT = 'Branch Inventories'; 

/*****************************
**	Added on November 28, 2008 for packing terminal
**	Lemuel E. Aceron
*****************************/

ALTER TABLE tblTransactions01 ADD `Packed` TINYINT(1) NOT NULL DEFAULT 0;
ALTER TABLE tblTransactions02 ADD `Packed` TINYINT(1) NOT NULL DEFAULT 0;
ALTER TABLE tblTransactions03 ADD `Packed` TINYINT(1) NOT NULL DEFAULT 0;
ALTER TABLE tblTransactions04 ADD `Packed` TINYINT(1) NOT NULL DEFAULT 0;
ALTER TABLE tblTransactions05 ADD `Packed` TINYINT(1) NOT NULL DEFAULT 0;
ALTER TABLE tblTransactions06 ADD `Packed` TINYINT(1) NOT NULL DEFAULT 0;
ALTER TABLE tblTransactions07 ADD `Packed` TINYINT(1) NOT NULL DEFAULT 0;
ALTER TABLE tblTransactions08 ADD `Packed` TINYINT(1) NOT NULL DEFAULT 0;
ALTER TABLE tblTransactions09 ADD `Packed` TINYINT(1) NOT NULL DEFAULT 0;
ALTER TABLE tblTransactions10 ADD `Packed` TINYINT(1) NOT NULL DEFAULT 0;
ALTER TABLE tblTransactions11 ADD `Packed` TINYINT(1) NOT NULL DEFAULT 0;
ALTER TABLE tblTransactions12 ADD `Packed` TINYINT(1) NOT NULL DEFAULT 0;

ALTER TABLE tblTerminal ADD `ShowOneTerminalSuspendedTransactions` TINYINT(1) NOT NULL DEFAULT 1;
ALTER TABLE tblTerminal ADD `ShowOnlyPackedTransactions` TINYINT(1) NOT NULL DEFAULT 0;

/************************************
**	TerminalReceiptType
**	0 = POS terminal report
**	1 = Sales Invoice or Cash Invoice
************************************/
ALTER TABLE tblTerminal ADD `TerminalReceiptType` TINYINT(1) NOT NULL DEFAULT 0;
ALTER TABLE tblTerminal ADD `SalesInvoicePrinterName` varchar(30) NOT NULL DEFAULT 'RetailPlus';
ALTER TABLE tblTerminal ADD `CashCountBeforeReport` TINYINT(1) NOT NULL DEFAULT 0;
ALTER TABLE tblTerminal ADD `PreviewTerminalReport` TINYINT(1) NOT NULL DEFAULT 1;


INSERT INTO sysAccessTypes (TypeID, TypeName) VALUES (120, 'PackUnpackTransaction');

INSERT INTO sysAccessGroupRights (GroupID, TranTypeID, AllowRead, AllowWrite) VALUES (1, 120, 1, 1);
INSERT INTO sysAccessGroupRights (GroupID, TranTypeID, AllowRead, AllowWrite) VALUES (2, 120, 1, 1);
INSERT INTO sysAccessGroupRights (GroupID, TranTypeID, AllowRead, AllowWrite) VALUES (3, 120, 1, 1);

INSERT INTO sysAccessRights (UID, TranTypeID, AllowRead, AllowWrite) VALUES (1, 120, 1, 1);
INSERT INTO sysAccessRights (UID, TranTypeID, AllowRead, AllowWrite) VALUES (2, 120, 1, 1);

/*****************************
**	Added on Dec 01, 2008 for cas count
**	Lemuel E. Aceron
*****************************/

ALTER TABLE tblCashierReport ADD `IsCashCountInitialized` TINYINT(1) NOT NULL DEFAULT 0; 


/******************************************************************
**	Added on Dec 09, 2008 for OrderSlipPrinter
**	Lemuel E. Aceron
**
** OrderSlipPrinter Types
** 0 = Print to 1st printer PrinterName=RetailPlusOSPrinter1
** 1 = Print to 2nd printer PrinterName=RetailPlusOSPrinter2
** 2 = Print to 2nd printer PrinterName=RetailPlusOSPrinter3
** 3 = print to 4th printer PrinterName=RetailPlusOSPrinter4
** 4 = print to 5th printer PrinterName=RetailPlusOSPrinter5

******************************************************************/

ALTER TABLE tblProductGroup ADD `OrderSlipPrinter` TINYINT(1) NOT NULL DEFAULT 0;

ALTER TABLE tblTerminal ADD `OrderSlipPrinter` TINYINT(1) NOT NULL DEFAULT 0;

ALTER TABLE tblTransactionItems01 ADD `OrderSlipPrinter` TINYINT(1) NOT NULL DEFAULT 0;
ALTER TABLE tblTransactionItems02 ADD `OrderSlipPrinter` TINYINT(1) NOT NULL DEFAULT 0;
ALTER TABLE tblTransactionItems03 ADD `OrderSlipPrinter` TINYINT(1) NOT NULL DEFAULT 0;
ALTER TABLE tblTransactionItems04 ADD `OrderSlipPrinter` TINYINT(1) NOT NULL DEFAULT 0;
ALTER TABLE tblTransactionItems05 ADD `OrderSlipPrinter` TINYINT(1) NOT NULL DEFAULT 0;
ALTER TABLE tblTransactionItems06 ADD `OrderSlipPrinter` TINYINT(1) NOT NULL DEFAULT 0;
ALTER TABLE tblTransactionItems07 ADD `OrderSlipPrinter` TINYINT(1) NOT NULL DEFAULT 0;
ALTER TABLE tblTransactionItems08 ADD `OrderSlipPrinter` TINYINT(1) NOT NULL DEFAULT 0;
ALTER TABLE tblTransactionItems09 ADD `OrderSlipPrinter` TINYINT(1) NOT NULL DEFAULT 0;
ALTER TABLE tblTransactionItems10 ADD `OrderSlipPrinter` TINYINT(1) NOT NULL DEFAULT 0;
ALTER TABLE tblTransactionItems11 ADD `OrderSlipPrinter` TINYINT(1) NOT NULL DEFAULT 0;
ALTER TABLE tblTransactionItems12 ADD `OrderSlipPrinter` TINYINT(1) NOT NULL DEFAULT 0;

/******************************************************************
**	Added on Dec 18, 2008 for OrderSlipPrinted
**	Lemuel E. Aceron
**
** OrderSlipPrinted Types
** 0 = not yet printed
** 1 = printed

******************************************************************/
ALTER TABLE tblTransactionItems01 ADD `OrderSlipPrinted` TINYINT(1) NOT NULL DEFAULT 0;
ALTER TABLE tblTransactionItems02 ADD `OrderSlipPrinted` TINYINT(1) NOT NULL DEFAULT 0;
ALTER TABLE tblTransactionItems03 ADD `OrderSlipPrinted` TINYINT(1) NOT NULL DEFAULT 0;
ALTER TABLE tblTransactionItems04 ADD `OrderSlipPrinted` TINYINT(1) NOT NULL DEFAULT 0;
ALTER TABLE tblTransactionItems05 ADD `OrderSlipPrinted` TINYINT(1) NOT NULL DEFAULT 0;
ALTER TABLE tblTransactionItems06 ADD `OrderSlipPrinted` TINYINT(1) NOT NULL DEFAULT 0;
ALTER TABLE tblTransactionItems07 ADD `OrderSlipPrinted` TINYINT(1) NOT NULL DEFAULT 0;
ALTER TABLE tblTransactionItems08 ADD `OrderSlipPrinted` TINYINT(1) NOT NULL DEFAULT 0;
ALTER TABLE tblTransactionItems09 ADD `OrderSlipPrinted` TINYINT(1) NOT NULL DEFAULT 0;
ALTER TABLE tblTransactionItems10 ADD `OrderSlipPrinted` TINYINT(1) NOT NULL DEFAULT 0;
ALTER TABLE tblTransactionItems11 ADD `OrderSlipPrinted` TINYINT(1) NOT NULL DEFAULT 0;
ALTER TABLE tblTransactionItems12 ADD `OrderSlipPrinted` TINYINT(1) NOT NULL DEFAULT 0; 

/*****************************
**	Added on December 26, 2008 Total Stock Report
**	Lemuel E. Aceron
*****************************/ 

INSERT INTO sysAccessTypes (TypeID, TypeName) VALUES (121, 'TotalStockReport');

INSERT INTO sysAccessGroupRights (GroupID, TranTypeID, AllowRead, AllowWrite) VALUES (1, 121, 1, 1);
INSERT INTO sysAccessGroupRights (GroupID, TranTypeID, AllowRead, AllowWrite) VALUES (2, 121, 1, 1);
INSERT INTO sysAccessGroupRights (GroupID, TranTypeID, AllowRead, AllowWrite) VALUES (3, 121, 1, 1);

INSERT INTO sysAccessRights (UID, TranTypeID, AllowRead, AllowWrite) VALUES (1, 121, 1, 1);
INSERT INTO sysAccessRights (UID, TranTypeID, AllowRead, AllowWrite) VALUES (2, 121, 1, 1);


INSERT INTO sysAccessTypes (TypeID, TypeName) VALUES (122, 'ItemSetupFinancial');
INSERT INTO sysAccessTypes (TypeID, TypeName) VALUES (123, 'APLinkConfig');

INSERT INTO sysAccessGroupRights (GroupID, TranTypeID, AllowRead, AllowWrite) VALUES (1, 122, 1, 1);
INSERT INTO sysAccessGroupRights (GroupID, TranTypeID, AllowRead, AllowWrite) VALUES (1, 123, 1, 1);
INSERT INTO sysAccessRights (UID, TranTypeID, AllowRead, AllowWrite) VALUES (1, 122, 1, 1);
INSERT INTO sysAccessRights (UID, TranTypeID, AllowRead, AllowWrite) VALUES (1, 123, 1, 1);

ALTER TABLE tblProducts ADD ChartOfAccountIDPurchase INT(4) UNSIGNED NOT NULL DEFAULT 0;
ALTER TABLE tblProducts ADD ChartOfAccountIDTaxPurchase INT(4) UNSIGNED NOT NULL DEFAULT 0;
ALTER TABLE tblProducts ADD ChartOfAccountIDSold INT(4) UNSIGNED NOT NULL DEFAULT 0;
ALTER TABLE tblProducts ADD ChartOfAccountIDTaxSold INT(4) UNSIGNED NOT NULL DEFAULT 0;
ALTER TABLE tblProducts ADD ChartOfAccountIDInventory INT(4) UNSIGNED NOT NULL DEFAULT 0;

ALTER TABLE tblProductGroup ADD ChartOfAccountIDPurchase INT(4) UNSIGNED NOT NULL DEFAULT 0;
ALTER TABLE tblProductGroup ADD ChartOfAccountIDTaxPurchase INT(4) UNSIGNED NOT NULL DEFAULT 0;
ALTER TABLE tblProductGroup ADD ChartOfAccountIDSold INT(4) UNSIGNED NOT NULL DEFAULT 0;
ALTER TABLE tblProductGroup ADD ChartOfAccountIDTaxSold INT(4) UNSIGNED NOT NULL DEFAULT 0;
ALTER TABLE tblProductGroup ADD ChartOfAccountIDInventory INT(4) UNSIGNED NOT NULL DEFAULT 0; 

ALTER TABLE tblProductSubGroup ADD ChartOfAccountIDPurchase INT(4) UNSIGNED NOT NULL DEFAULT 0;
ALTER TABLE tblProductSubGroup ADD ChartOfAccountIDTaxPurchase INT(4) UNSIGNED NOT NULL DEFAULT 0;
ALTER TABLE tblProductSubGroup ADD ChartOfAccountIDSold INT(4) UNSIGNED NOT NULL DEFAULT 0;
ALTER TABLE tblProductSubGroup ADD ChartOfAccountIDTaxSold INT(4) UNSIGNED NOT NULL DEFAULT 0;
ALTER TABLE tblProductSubGroup ADD ChartOfAccountIDInventory INT(4) UNSIGNED NOT NULL DEFAULT 0; 



/**************************************************************
** February 7. 2009
** Lemuel E. Aceron
**
** 1.Add OrderSlipPrinter for printing PLU Report group by
**   OrderSlipPrinter
**
**************************************************************/
ALTER TABLE tblPLUReport ADD `OrderSlipPrinter` TINYINT(1) NOT NULL DEFAULT 0;

INSERT INTO sysAccessTypes (TypeID, TypeName) VALUES (124, 'ReprintZRead');
INSERT INTO sysAccessTypes (TypeID, TypeName) VALUES (125, 'PLUReportPerOrderSlipPrinter');

INSERT INTO sysAccessGroupRights (GroupID, TranTypeID, AllowRead, AllowWrite) VALUES (1, 124, 1, 1);
INSERT INTO sysAccessGroupRights (GroupID, TranTypeID, AllowRead, AllowWrite) VALUES (1, 125, 1, 1);
INSERT INTO sysAccessRights (UID, TranTypeID, AllowRead, AllowWrite) VALUES (1, 124, 1, 1);
INSERT INTO sysAccessRights (UID, TranTypeID, AllowRead, AllowWrite) VALUES (1, 125, 1, 1);

/**************************************************************
** March 14, 2009
** Lemuel E. Aceron
**
** 1. Add table to hold temporary records for sales per item
** 2. Add stored procedure to insert the records
** 3. Add stored procedure to select the records
**
**************************************************************/

DROP TABLE IF EXISTS tblSalesPerItem;
CREATE TABLE tblSalesPerItem (
`SessionID` VARCHAR(30) NOT NULL,
`ProductCode` VARCHAR(100) NOT NULL,
`Quantity` DECIMAL(18,2) NOT NULL DEFAULT 0,
`Amount` DECIMAL(18,2) NOT NULL DEFAULT 0,
`PurchaseAmount` DECIMAL(18,2) NOT NULL DEFAULT 0,
INDEX `IX_tblSalesPerItem`(`SessionID`),
INDEX `IX_tblSalesPerItem1`(`ProductCode`)
)
TYPE=INNODB COMMENT = 'Sales Per Item Report';


/********************************************
Lemuel E. Aceron

Cater the requirement of RLC

********************************************/
ALTER TABLE tblProducts ADD `IsItemSold` TINYINT(1) NOT NULL DEFAULT 1;

ALTER TABLE tblTerminalReport ADD `NoOfDiscountedTransactions` INT(4) NOT NULL DEFAULT 0;
ALTER TABLE tblTerminalReport ADD `NegativeAdjustments` DECIMAL(18,2) NOT NULL DEFAULT 0;
ALTER TABLE tblTerminalReport ADD `NoOfNegativeAdjustmentTransactions` INT(4) NOT NULL DEFAULT 0;
ALTER TABLE tblTerminalReport ADD `PromotionalItems` DECIMAL(18,2) NOT NULL DEFAULT 0;
ALTER TABLE tblTerminalReport ADD `CreditSalesTax` DECIMAL(18,2) NOT NULL DEFAULT 0;
ALTER TABLE tblTerminalReport ADD `BatchCounter` INT(4) NOT NULL DEFAULT 1;

ALTER TABLE tblTerminalReportHistory ADD `NoOfDiscountedTransactions` INT(4) NOT NULL DEFAULT 0;
ALTER TABLE tblTerminalReportHistory ADD `NegativeAdjustments` DECIMAL(18,2) NOT NULL DEFAULT 0;
ALTER TABLE tblTerminalReportHistory ADD `NoOfNegativeAdjustmentTransactions` INT(4) NOT NULL DEFAULT 0;
ALTER TABLE tblTerminalReportHistory ADD `PromotionalItems` DECIMAL(18,2) NOT NULL DEFAULT 0;
ALTER TABLE tblTerminalReportHistory ADD `CreditSalesTax` DECIMAL(18,2) NOT NULL DEFAULT 0;
ALTER TABLE tblTerminalReportHistory ADD `BatchCounter` INT(4) NOT NULL DEFAULT 1;

ALTER TABLE tblCashierReport ADD `NoOfDiscountedTransactions` INT(4) NOT NULL DEFAULT 0;
ALTER TABLE tblCashierReport ADD `NegativeAdjustments` DECIMAL(18,2) NOT NULL DEFAULT 0;
ALTER TABLE tblCashierReport ADD `NoOfNegativeAdjustmentTransactions` INT(4) NOT NULL DEFAULT 0;
ALTER TABLE tblCashierReport ADD `PromotionalItems` DECIMAL(18,2) NOT NULL DEFAULT 0;
ALTER TABLE tblCashierReport ADD `CreditSalesTax` DECIMAL(18,2) NOT NULL DEFAULT 0;

ALTER TABLE tblCashierReportHistory ADD `NoOfDiscountedTransactions` INT(4) NOT NULL DEFAULT 0;
ALTER TABLE tblCashierReportHistory ADD `NegativeAdjustments` DECIMAL(18,2) NOT NULL DEFAULT 0;
ALTER TABLE tblCashierReportHistory ADD `NoOfNegativeAdjustmentTransactions` INT(4) NOT NULL DEFAULT 0;
ALTER TABLE tblCashierReportHistory ADD `PromotionalItems` DECIMAL(18,2) NOT NULL DEFAULT 0;
ALTER TABLE tblCashierReportHistory ADD `CreditSalesTax` DECIMAL(18,2) NOT NULL DEFAULT 0;

/**************************************************************
** March 14, 2009
** Lemuel E. Aceron
**
** 1. Add table to hold temporary records for sales per item
** 2. Add stored procedure to insert the records
** 3. Add stored procedure to select the records
**
**************************************************************/

DROP TABLE IF EXISTS tblProductHistory;
CREATE TABLE tblProductHistory (
`SessionID` VARCHAR(30) NOT NULL,
`HistoryID` BIGINT NOT NULL DEFAULT 0,
`ProductID` BIGINT NOT NULL DEFAULT 0,
`MatrixID` BIGINT NOT NULL DEFAULT 0,
`MatrixDescription` VARCHAR(100) NOT NULL,
`Quantity` DECIMAL(18,2) NOT NULL DEFAULT 0,
`UnitCode` VARCHAR(100) NOT NULL,
`Remarks` VARCHAR(100) NOT NULL,
`TransactionDate` DateTime NOT NULL,
`TransactionNo` VARCHAR(100) NOT NULL,
INDEX `IX_tblProductHistory`(`SessionID`),
INDEX `IX_tblProductHistory1`(`MatrixDescription`)
)
TYPE=INNODB COMMENT = 'Product History Report';

ALTER TABLE tblProducts ADD `WillPrintProductComposition` TINYINT(1) NOT NULL DEFAULT 1;

/*********************************  v_2.0.0.0.sql START  *******************************************************/

INSERT INTO sysAccessTypes (TypeID, TypeName) VALUES (126, 'MallForwarder');

INSERT INTO sysAccessGroupRights (GroupID, TranTypeID, AllowRead, AllowWrite) VALUES (1, 126, 1, 1);
INSERT INTO sysAccessRights (UID, TranTypeID, AllowRead, AllowWrite) VALUES (1, 126, 1, 1);


/*********************************  v_2.0.0.0.sql END  *******************************************************/

/*********************************  v_2.0.0.1.sql START  *******************************************************/
	
/*********************************
Lemuel E. Aceron
April 22, 2009
*********************************/
ALTER TABLE tblTerminal ADD DBVersion varchar(15) NOT NULL DEFAULT 'v_2.0.0.1'; 
ALTER TABLE tblTerminal ADD FEVersion varchar(15) NOT NULL DEFAULT 'v_2.0.0.1'; 
ALTER TABLE tblTerminal ADD BEVersion varchar(15) NOT NULL DEFAULT 'v_2.0.0.1'; 

/*********************************  v_2.0.0.1.sql END  *******************************************************/

/*********************************  v_2.0.0.2.sql START  *******************************************************/

UPDATE tblTerminal SET DBVersion = 'v_2.0.0.2';

ALTER TABLE tblReceipt MODIFY `TEXT` varchar(20);
	
/*********************************
Lemuel E. Aceron
May 1, 2009

OrderType values:
	0 = DINEIN
	1 = TAKE OUT
	2 = DELIVERY
*********************************/
ALTER TABLE tblTransactions01 ADD OrderType smallint NOT NULL DEFAULT 0; 
ALTER TABLE tblTransactions02 ADD OrderType smallint NOT NULL DEFAULT 0; 
ALTER TABLE tblTransactions03 ADD OrderType smallint NOT NULL DEFAULT 0; 
ALTER TABLE tblTransactions04 ADD OrderType smallint NOT NULL DEFAULT 0; 
ALTER TABLE tblTransactions05 ADD OrderType smallint NOT NULL DEFAULT 0; 
ALTER TABLE tblTransactions06 ADD OrderType smallint NOT NULL DEFAULT 0; 
ALTER TABLE tblTransactions07 ADD OrderType smallint NOT NULL DEFAULT 0; 
ALTER TABLE tblTransactions08 ADD OrderType smallint NOT NULL DEFAULT 0; 
ALTER TABLE tblTransactions09 ADD OrderType smallint NOT NULL DEFAULT 0; 
ALTER TABLE tblTransactions10 ADD OrderType smallint NOT NULL DEFAULT 0; 
ALTER TABLE tblTransactions11 ADD OrderType smallint NOT NULL DEFAULT 0; 
ALTER TABLE tblTransactions12 ADD OrderType smallint NOT NULL DEFAULT 0; 


/*********************************
Create table for discount
*********************************/
ALTER TABLE tblDiscount MODIFY DiscountCode varchar(5);
ALTER TABLE tblTransactions01 MODIFY DiscountCode varchar(5);
ALTER TABLE tblTransactions02 MODIFY DiscountCode varchar(5);
ALTER TABLE tblTransactions03 MODIFY DiscountCode varchar(5);
ALTER TABLE tblTransactions04 MODIFY DiscountCode varchar(5);
ALTER TABLE tblTransactions05 MODIFY DiscountCode varchar(5);
ALTER TABLE tblTransactions06 MODIFY DiscountCode varchar(5);
ALTER TABLE tblTransactions07 MODIFY DiscountCode varchar(5);
ALTER TABLE tblTransactions08 MODIFY DiscountCode varchar(5);
ALTER TABLE tblTransactions09 MODIFY DiscountCode varchar(5);
ALTER TABLE tblTransactions10 MODIFY DiscountCode varchar(5);
ALTER TABLE tblTransactions11 MODIFY DiscountCode varchar(5);
ALTER TABLE tblTransactions12 MODIFY DiscountCode varchar(5);

ALTER TABLE tblTransactionItems01 MODIFY DiscountCode varchar(5);
ALTER TABLE tblTransactionItems02 MODIFY DiscountCode varchar(5);
ALTER TABLE tblTransactionItems03 MODIFY DiscountCode varchar(5);
ALTER TABLE tblTransactionItems04 MODIFY DiscountCode varchar(5);
ALTER TABLE tblTransactionItems05 MODIFY DiscountCode varchar(5);
ALTER TABLE tblTransactionItems06 MODIFY DiscountCode varchar(5);
ALTER TABLE tblTransactionItems07 MODIFY DiscountCode varchar(5);
ALTER TABLE tblTransactionItems08 MODIFY DiscountCode varchar(5);
ALTER TABLE tblTransactionItems09 MODIFY DiscountCode varchar(5);
ALTER TABLE tblTransactionItems10 MODIFY DiscountCode varchar(5);
ALTER TABLE tblTransactionItems11 MODIFY DiscountCode varchar(5);
ALTER TABLE tblTransactionItems12 MODIFY DiscountCode varchar(5);

-- This fields are from .config file, moved to database.
ALTER TABLE tblTerminal ADD IsPrinterDotmatrix TINYINT(1) NOT NULL DEFAULT 1;
ALTER TABLE tblTerminal ADD IsChargeEditable TINYINT(1) NOT NULL DEFAULT 0;
ALTER TABLE tblTerminal ADD IsDiscountEditable TINYINT(1) NOT NULL DEFAULT 0;
ALTER TABLE tblTerminal ADD CheckCutOffTime TINYINT(1) NOT NULL DEFAULT 0;
ALTER TABLE tblTerminal ADD StartCutOffTime VARCHAR(5) NOT NULL DEFAULT '00:00';
ALTER TABLE tblTerminal ADD EndCutOffTime VARCHAR(5) NOT NULL DEFAULT '23:59';
ALTER TABLE tblTerminal ADD WithRestaurantFeatures TINYINT(1) NOT NULL DEFAULT 0;
        
--Make a default DiscountCode for Senior Citizen Discount
ALTER TABLE tblTerminal DROP SeniorCitizenDiscountCode;
ALTER TABLE tblTerminal ADD SeniorCitizenDiscountCode varchar(5);
UPDATE tblTerminal SET SeniorCitizenDiscountCode = 'SENCZ';

DROP TABLE IF EXISTS tblDiscountHistory;
CREATE TABLE tblDiscountHistory (
	`SessionID` VARCHAR(30) NOT NULL,
	`TerminalNo` VARCHAR(30) NOT NULL,
	`DiscountCode` VARCHAR(5) NOT NULL,
	`DiscountCount` BIGINT(20) NOT NULL DEFAULT 0,
	`Discount` DECIMAL(18,2) NOT NULL DEFAULT 0,
	INDEX `IX_tblDiscount`(`SessionID`),
	INDEX `IX_tblDiscount1`(`DiscountCode`)
)
TYPE=INNODB COMMENT = 'Product Discount Report';

/*********************************  v_2.0.0.2.sql END  *******************************************************/

/*********************************  v_2.0.0.3.sql START  *****************************************************/

-- Added procGenerateSalesPerItemByGroup for P&L per item., run retailplus_proc.sql

DELETE FROM tblSalesPerItem;

UPDATE tblTerminal SET DBVersion = 'v_2.0.0.3';

ALTER TABLE tblTerminal ADD `IsTouchScreen` TINYINT(1) NOT NULL DEFAULT 0; 

ALTER TABLE tblTerminalReportHistory ADD `MallFileName` VARCHAR(30); 
ALTER TABLE tblTerminalReportHistory ADD `IsMallFileUploadComplete` TINYINT(1) NOT NULL DEFAULT 0; 

UPDATE tblTerminalReportHistory SET IsMallFileUploadComplete = 1 WHERE MallFileName IS NOT NULL;

ALTER TABLE tblDeposit ADD `Remarks` VARCHAR(255); 
ALTER TABLE tblWithHold ADD `Remarks` VARCHAR(255); 
ALTER TABLE tblDisburse ADD `Remarks` VARCHAR(255); 

/*********************************  v_2.0.0.3.sql END  *******************************************************/
